vehicle,initial,final,times,dates,differences
Sedan ,NA,31,16:38,4/7/2025,NA
SUV,NA,32,16:38,4/7/2025,NA
SUV,NA,30,16:38,4/7/2025,NA
SUV ,NA,30,16:38,4/7/2025,NA
Van ,NA,31,16:41,4/7/2025,NA
Sedan ,NA,20,16:44,4/7/2025,NA
Truck ,NA,31,16:45,4/7/2025,NA
Sedan ,NA,29,16:46,4/7/2025,NA
Truck ,NA,27,16:46,4/7/2025,NA
Sedan ,NA,34,16:46,4/7/2025,NA
Sedan ,NA,33,16:47,4/7/2025,NA
SUV,NA,21,16:47,4/7/2025,NA
Sedan ,NA,30,16:48,4/7/2025,NA
Truck ,NA,36,16:49,4/7/2025,NA
Truck ,NA,33,16:50,4/7/2025,NA
Sedan ,NA,21,16:51,4/7/2025,NA
Sedan ,NA,26,16:51,4/7/2025,NA
SUV ,NA,10,16:51,4/7/2025,NA
Truck ,NA,30,16:52,4/7/2025,NA
Truck ,NA,31,16:52,4/7/2025,NA
Truck ,NA,31,16:53,4/7/2025,NA
Truck ,NA,35,16:53,4/7/2025,NA
Truck ,NA,21,16:54,4/7/2025,NA
SUV,NA,31,16:54,4/7/2025,NA
SUV,NA,26,16:54,4/7/2025,NA
SUV,NA,18,16:54,4/7/2025,NA
SUV,NA,16,16:55,4/7/2025,NA
SUV,NA,13,16:55,4/7/2025,NA
Sedan ,NA,30,16:55,4/7/2025,NA
Truck ,NA,29,16:55,4/7/2025,NA
SUV,NA,29,16:56,4/7/2025,NA
SUV,NA,29,16:57,4/7/2025,NA
SUV,NA,37,16:57,4/7/2025,NA
Sedan ,NA,26,16:57,4/7/2025,NA
SUV ,NA,25,16:58,4/7/2025,NA
Sedan ,NA,32,16:58,4/7/2025,NA
SUV,NA,32,16:59,4/7/2025,NA
SUV,NA,32,16:59,4/7/2025,NA
Sedan ,NA,32,17:00,4/7/2025,NA
Sedan ,NA,29,17:00,4/7/2025,NA
SUV,NA,29,17:00,4/7/2025,NA
Sedan ,NA,28,17:01,4/7/2025,NA
SUV,NA,27,17:01,4/7/2025,NA
Sedan ,NA,28,17:02,4/7/2025,NA
SUV,NA,34,17:02,4/7/2025,NA
Sedan ,NA,31,17:02,4/7/2025,NA
Truck ,NA,25,17:02,4/7/2025,NA
Sedan ,NA,36,17:04,4/7/2025,NA
SUV,NA,31,17:04,4/7/2025,NA
Truck ,NA,33,17:04,4/7/2025,NA
SUV,NA,33,17:05,4/7/2025,NA
Truck ,NA,29,17:06,4/7/2025,NA
Sedan ,NA,31,17:06,4/7/2025,NA
SUV,NA,32,17:06,4/7/2025,NA
Van ,NA,29,17:07,4/7/2025,NA
Sedan ,NA,18,17:07,4/7/2025,NA
SUV,NA,33,17:08,4/7/2025,NA
Truck ,NA,33,17:08,4/7/2025,NA
SUV ,NA,32,17:08,4/7/2025,NA
Sedan ,NA,31,17:08,4/7/2025,NA
Sedan ,NA,32,17:09,4/7/2025,NA
Sedan ,NA,32,17:09,4/7/2025,NA
Sedan ,NA,32,17:09,4/7/2025,NA
Sedan ,NA,31,17:09,4/7/2025,NA
SUV,NA,31,17:10,4/7/2025,NA
SUV,NA,33,17:10,4/7/2025,NA
SUV,NA,33,17:10,4/7/2025,NA
Sedan ,NA,32,17:11,4/7/2025,NA
Sedan ,NA,29,17:11,4/7/2025,NA
Sedan ,NA,28,17:11,4/7/2025,NA
Sedan ,NA,31,17:12,4/7/2025,NA
Sedan ,NA,31,17:12,4/7/2025,NA
SUV,NA,30,17:13,4/7/2025,NA
Truck ,NA,30,17:13,4/7/2025,NA
Sedan ,NA,29,17:14,4/7/2025,NA
SUV,NA,39,16:15,4/9/2025,NA
SUV,NA,29,16:16,4/9/2025,NA
Van,NA,37,16:17,4/9/2025,NA
Truck,NA,33,16:17,4/9/2025,NA
Sedan,NA,33,16:18,4/9/2025,NA
Sedan,NA,21,16:18,4/9/2025,NA
SUV,NA,33,16:19,4/9/2025,NA
Sedan,NA,31,16:19,4/9/2025,NA
Truck,NA,37,16:20,4/9/2025,NA
SUV,NA,29,16:20,4/9/2025,NA
Sedan,NA,30,16:21,4/9/2025,NA
Sedan,NA,31,16:21,4/9/2025,NA
Sedan,NA,34,16:22,4/9/2025,NA
SUV,NA,39,16:22,4/9/2025,NA
Truck,NA,32,16:23,4/9/2025,NA
SUV,NA,34,16:23,4/9/2025,NA
Sedan,NA,30,16:24,4/9/2025,NA
Sedan,NA,30,16:24,4/9/2025,NA
Truck,NA,30,16:25,4/9/2025,NA
Sedan,NA,36,16:25,4/9/2025,NA
SUV,NA,33,16:26,4/9/2025,NA
Sedan,NA,34,16:26,4/9/2025,NA
Sedan,NA,24,16:27,4/9/2025,NA
SUV,NA,26,16:27,4/9/2025,NA
Truck,NA,32,16:28,4/9/2025,NA
Truck,NA,35,16:28,4/9/2025,NA
Sedan,NA,37,16:29,4/9/2025,NA
SUV,NA,37,16:29,4/9/2025,NA
Truck,NA,31,16:30,4/9/2025,NA
Sedan,NA,34,16:30,4/9/2025,NA
Sedan,NA,31,16:31,4/9/2025,NA
Sedan,NA,28,16:31,4/9/2025,NA
Sedan,NA,30,16:32,4/9/2025,NA
SUV,NA,30,16:32,4/9/2025,NA
Truck,NA,32,16:33,4/9/2025,NA
Sedan,NA,34,16:33,4/9/2025,NA
Sedan,NA,38,16:34,4/9/2025,NA
Sedan,NA,31,16:34,4/9/2025,NA
Sedan,NA,30,16:35,4/9/2025,NA
Sedan,NA,34,16:35,4/9/2025,NA
SUV,NA,36,16:36,4/9/2025,NA
SUV,NA,31,16:36,4/9/2025,NA
Sedan,NA,26,16:37,4/9/2025,NA
Sedan,NA,34,16:37,4/9/2025,NA
Truck,NA,34,16:38,4/9/2025,NA
SUV,NA,32,16:38,4/9/2025,NA
Truck,NA,34,16:39,4/9/2025,NA
SUV,NA,34,16:39,4/9/2025,NA
Sedan,NA,31,16:40,4/9/2025,NA
Truck,NA,32,16:40,4/9/2025,NA
SUV,NA,36,16:41,4/9/2025,NA
Sedan,NA,32,16:41,4/9/2025,NA
Truck,NA,35,16:42,4/9/2025,NA
Truck,NA,38,16:42,4/9/2025,NA
SUV,NA,34,16:43,4/9/2025,NA
Sedan,NA,36,16:43,4/9/2025,NA
Sedan,NA,37,16:44,4/9/2025,NA
Truck,NA,36,16:44,4/9/2025,NA
SUV,NA,32,16:45,4/9/2025,NA
Truck,NA,34,16:45,4/9/2025,NA
SUV,NA,34,16:46,4/9/2025,NA
SUV,NA,34,16:46,4/9/2025,NA
Sedan,NA,37,16:47,4/9/2025,NA
Truck,NA,38,16:47,4/9/2025,NA
SUV,NA,39,16:48,4/9/2025,NA
SUV,NA,27,16:48,4/9/2025,NA
Truck,NA,28,16:49,4/9/2025,NA
Sedan,NA,40,16:49,4/9/2025,NA
Truck,NA,25,16:50,4/9/2025,NA
SUV,NA,32,16:50,4/9/2025,NA
Truck,NA,32,16:50,4/9/2025,NA
SUV,NA,36,16:50,4/9/2025,NA
Sedan,NA,35,16:50,4/9/2025,NA
SUV,NA,31,16:50,4/9/2025,NA
SUV,NA,43,16:50,4/9/2025,NA
Sedan,NA,31,14:15,4/14/2025,NA
SUV,NA,30,14:15,4/14/2025,NA
Sedan,NA,29,14:15,4/14/2025,NA
Truck,NA,28,14:17,4/14/2025,NA
Sedan,NA,33,14:17,4/14/2025,NA
Truck,NA,30,14:17,4/14/2025,NA
SUV,NA,31,14:20,4/14/2025,NA
Coupe,NA,32,14:20,4/14/2025,NA
Minivan,NA,29,14:20,4/14/2025,NA
SUV,NA,27,14:20,4/14/2025,NA
Truck,NA,35,14:22,4/14/2025,NA
SUV,NA,29,14:22,4/14/2025,NA
Coupe,NA,30,14:23,4/14/2025,NA
Sedan,NA,31,14:23,4/14/2025,NA
Sedan,NA,32,14:23,4/14/2025,NA
SUV,NA,31,14:23,4/14/2025,NA
Sedan,NA,34,14:24,4/14/2025,NA
SUV,NA,33,14:25,4/14/2025,NA
Truck,NA,34,14:25,4/14/2025,NA
Sedan,NA,32,14:25,4/14/2025,NA
SUV,NA,27,14:30,4/14/2025,NA
Sedan,NA,28,14:30,4/14/2025,NA
Truck,NA,33,14:32,4/14/2025,NA
Sedan,NA,32,14:33,4/14/2025,NA
SUV,NA,26,14:33,4/14/2025,NA
SUV,NA,29,14:33,4/14/2025,NA
SUV,NA,29,14:34,4/14/2025,NA
Truck,NA,29,14:34,4/14/2025,NA
Coupe,NA,30,14:34,4/14/2025,NA
Sedan,NA,29,14:34,4/14/2025,NA
Sedan,NA,31,14:36,4/14/2025,NA
SUV,NA,31,14:36,4/14/2025,NA
Truck,NA,30,14:36,4/14/2025,NA
SUV,NA,35,14:37,4/14/2025,NA
SUV,NA,34,14:37,4/14/2025,NA
Coupe,NA,38,14:40,4/14/2025,NA
SUV,NA,34,14:42,4/14/2025,NA
SUV,NA,26,14:42,4/14/2025,NA
SUV,NA,27,14:42,4/14/2025,NA
SUV,NA,33,14:44,4/14/2025,NA
Sedan,NA,34,14:44,4/14/2025,NA
Truck,NA,29,14:44,4/14/2025,NA
Truck,NA,30,14:44,4/14/2025,NA
Truck,NA,39,14:49,4/14/2025,NA
Sedan,NA,36,14:49,4/14/2025,NA
Sedan,NA,30,14:50,4/14/2025,NA
SUV,NA,33,14:52,4/14/2025,NA
SUV,NA,26,14:52,4/14/2025,NA
Truck,NA,18,14:52,4/14/2025,NA
SUV,NA,29,14:58,4/14/2025,NA
SUV,NA,31,15:00,4/14/2025,NA
Sedan,NA,33,15:00,4/14/2025,NA
SUV,NA,29,15:00,4/14/2025,NA
SUV,NA,30,15:00,4/14/2025,NA
SUV,NA,30,15:01,4/14/2025,NA
Sevan,NA,31,15:01,4/14/2025,NA
Minivan,NA,37,15:03,4/14/2025,NA
Truck,NA,35,15:03,4/14/2025,NA
SUV,NA,28,15:05,4/14/2025,NA
Sedan,NA,30,15:05,4/14/2025,NA
SUV,NA,30,15:05,4/14/2025,NA
Truck,NA,31,15:08,4/14/2025,NA
Minivan,NA,31,15:08,4/14/2025,NA
Sedan,NA,35,15:09,4/14/2025,NA
Sedan,NA,30,15:10,4/14/2025,NA
Sedan,NA,28,15:10,4/14/2025,NA
Truck,NA,32,15:11,4/14/2025,NA
Sedan,NA,32,15:11,4/14/2025,NA
Truck,NA,29,15:12,4/14/2025,NA
SUV,NA,30,15:12,4/14/2025,NA
SUV,NA,30,15:12,4/14/2025,NA
SUV,NA,31,15:12,4/14/2025,NA
Minivan,NA,34,15:14,4/14/2025,NA
Truck,NA,26,15:14,4/14/2025,NA
SUV,NA,19,15:15,4/14/2025,NA
Sedan,12,34,NA,NA,-22
Truck,40,36,NA,NA,4
Sedan,26,34,NA,NA,-8
Suv,30,34,NA,NA,-4
Truck,32,31,NA,NA,1
Suv,27,30,NA,NA,-3
Suv,28,29,NA,NA,-1
Suv,28,32,NA,NA,-4
Truck,31,30,NA,NA,1
Sedan,30,34,NA,NA,-4
Sedan,15,30,NA,NA,-15
Truck,31,33,NA,NA,-2
Sedan,34,34,NA,NA,0
Sedan,31,31,NA,NA,0
Sedan,12,29,NA,NA,-17
Suv,14,33,NA,NA,-19
Suv,29,28,NA,NA,1
Suv,27,31,NA,NA,-4
Suv,26,35,NA,NA,-9
Sedan,34,35,NA,NA,-1
Suv,20,30,NA,NA,-10
Truck,11,30,NA,NA,-19
Truck,36,38,NA,NA,-2
Suv,33,33,NA,NA,0
Sedan,31,37,NA,NA,-6
Truck,14,26,NA,NA,-12
Suv,25,25,NA,NA,0
Suv,31,33,NA,NA,-2
Suv,27,28,NA,NA,-1
Suv,33,34,NA,NA,-1
Suv,36,34,NA,NA,2
Sedan,20,26,NA,NA,-6
Sedan,34,36,NA,NA,-2
Truck,19,28,NA,NA,-9
Sedan,28,33,NA,NA,-5
Suv,38,37,NA,NA,1
Suv,30,34,NA,NA,-4
Suv,20,32,NA,NA,-12
Sedan,26,35,NA,NA,-9
Suv,29,30,NA,NA,-1
Suv,28,27,NA,NA,1
Sedan,27,30,NA,NA,-3
Truck,27,27,NA,NA,0
Suv,33,34,NA,NA,-1
Sedan,34,34,NA,NA,0
Truck,34,35,NA,NA,-1
Suv,21,23,NA,NA,-2
Sedan,19,31,NA,NA,-12
Suv,41,40,NA,NA,1
Sedan,21,34,NA,NA,-13
Suv,25,28,NA,NA,-3
Sedan,37,37,NA,NA,0
Suv,31,31,NA,NA,0
Suv,27,28,NA,NA,-1
Suv,36,40,NA,NA,-4
Suv,28,38,NA,NA,-10
Suv,19,24,NA,NA,-5
Suv,25,26,NA,NA,-1
Sedan,32,33,NA,NA,-1
Suv,36,36,NA,NA,0
Truck,23,29,NA,NA,-6
Truck,19,30,NA,NA,-11
Suv,25,26,NA,NA,-1
Suv,21,25,NA,NA,-4
Suv,30,30,NA,NA,0
Sedan,29,27,NA,NA,2
Truck,25,27,NA,NA,-2
Suv,28,30,NA,NA,-2
Sedan,30,31,NA,NA,-1
Suv,35,37,NA,NA,-2
Suv,32,33,NA,NA,-1
Suv,25,27,NA,NA,-2
Suv,26,26,NA,NA,0
Suv,28,30,NA,NA,-2
Suv,27,32,NA,NA,-5
Sedan,35,38,NA,NA,-3
Suv,15,28,NA,NA,-13
Truck,40,37,NA,NA,3
Sedan,22,30,NA,NA,-8
Suv,31,32,NA,NA,-1
Truck,27,29,NA,NA,-2
Suv,25,25,NA,NA,0
Sedan,36,35,NA,NA,1
Sedan,29,31,NA,NA,-2
Truck,14,34,NA,NA,-20
Sedan,24,28,NA,NA,-4
Truck,32,30,NA,NA,2
Sedan,18,27,NA,NA,-9
Suv,39,36,NA,NA,3
Suv,28,33,NA,NA,-5
Truck,20,23,NA,NA,-3
Sedan,25,29,NA,NA,-4
Suv,31,28,NA,NA,3
Suv,30,34,NA,NA,-4
Sedan,21,26,NA,NA,-5
Truck,29,32,NA,NA,-3
Suv,35,35,NA,NA,0
Suv,26,25,NA,NA,1
Sedan,34,34,NA,NA,0
Truck,33,36,NA,NA,-3
Sedan,17,27,NA,NA,-10
Suv,36,39,NA,NA,-3
Truck,38,37,NA,NA,1
Sedan,23,28,NA,NA,-5
Suv,28,26,NA,NA,2
Suv,30,30,NA,NA,0
Truck,40,42,NA,NA,-2
Sedan,19,25,NA,NA,-6
Truck,26,31,NA,NA,-5
Suv,34,34,NA,NA,0
Suv,16,29,NA,NA,-13
Truck,24,28,NA,NA,-4
Sedan,37,37,NA,NA,0
Suv,29,34,NA,NA,-5
Truck,20,26,NA,NA,-6
Sedan,25,28,NA,NA,-3
Suv,34,32,NA,NA,2
Suv,39,40,NA,NA,-1
Truck,21,24,NA,NA,-3
Sedan,28,31,NA,NA,-3
Truck,31,35,NA,NA,-4
Suv,36,36,NA,NA,0
Sedan,27,27,NA,NA,0
Suv,33,34,NA,NA,-1
Truck,30,29,NA,NA,1
Suv,22,28,NA,NA,-6
Truck,35,37,NA,NA,-2
Sedan,24,24,NA,NA,0
Suv,32,35,NA,NA,-3
Sedan,14,29,NA,NA,-15
Truck,28,30,NA,NA,-2
Suv,26,28,NA,NA,-2
Suv,36,39,NA,NA,-3
Sedan,17,25,NA,NA,-8
Truck,29,27,NA,NA,2
Sedan,40,41,NA,NA,-1
Suv,30,34,NA,NA,-4
Suv,24,25,NA,NA,-1
Truck,38,35,NA,NA,3
Suv,19,24,NA,NA,-5
Sedan,21,21,NA,NA,0
Truck,35,38,NA,NA,-3
Suv,28,33,NA,NA,-5
Sedan,14,20,NA,NA,-6
Truck,27,28,NA,NA,-1
Suv,31,34,NA,NA,-3
Sedan,40,38,NA,NA,2
Suv,23,25,NA,NA,-2
Suv,16,26,NA,NA,-10
Truck,29,31,NA,NA,-2
Suv,33,34,NA,NA,-1
Truck,20,25,NA,NA,-5
Sedan,25,29,NA,NA,-4
Truck,32,32,NA,NA,0
Sedan,35,36,NA,NA,-1
Suv,22,30,NA,NA,-8
Suv,18,24,NA,NA,-6
Truck,37,39,NA,NA,-2
Suv,24,26,NA,NA,-2
Truck,26,26,NA,NA,0
Sedan,19,20,NA,NA,-1
Suv,27,33,NA,NA,-6
Sedan,29,32,NA,NA,-3
Truck,34,30,NA,NA,4
Suv,13,28,NA,NA,-15
Sedan,25,25,NA,NA,0
Truck,28,31,NA,NA,-3
Suv,32,35,NA,NA,-3
Sedan,16,22,NA,NA,-6
Suv,38,37,NA,NA,1
Truck,30,28,NA,NA,2
Suv,24,27,NA,NA,-3
Sedan,31,34,NA,NA,-3
Truck,36,39,NA,NA,-3
Sedan,14,23,NA,NA,-9
Suv,22,26,NA,NA,-4
Truck,34,34,NA,NA,0
Sedan,20,29,NA,NA,-9
Suv,39,40,NA,NA,-1
Suv,33,35,NA,NA,-2
Sedan,26,28,NA,NA,-2
Truck,19,24,NA,NA,-5
Sedan,35,33,NA,NA,2
Suv,18,25,NA,NA,-7
Truck,30,31,NA,NA,-1
Sedan,23,23,NA,NA,0
Suv,16,20,NA,NA,-4
Suv,36,38,NA,NA,-2
Truck,25,28,NA,NA,-3
Suv,31,33,NA,NA,-2
Truck,21,30,NA,NA,-9
Sedan,37,36,NA,NA,1
Sedan,14,29,NA,NA,-15
Truck,28,26,NA,NA,2
Suv,33,37,NA,NA,-4
Suv,29,32,NA,NA,-3
Truck,10,25,NA,NA,-15
Sedan,34,34,NA,NA,0
Suv,20,28,NA,NA,-8
Truck,40,39,NA,NA,1
Sedan,26,30,NA,NA,-4
Truck,16,27,NA,NA,-11
Suv,31,32,NA,NA,-1
Sedan,14,20,NA,NA,-6
Suv,29,33,NA,NA,-4
Truck,36,37,NA,NA,-1
Sedan,20,24,NA,NA,-4
Truck,24,25,NA,NA,-1
Suv,28,28,NA,NA,0
Suv,37,39,NA,NA,-2
Truck,15,28,NA,NA,-13
Sedan,30,29,NA,NA,1
Suv,26,32,NA,NA,-6
Suv,21,27,NA,NA,-6
Sedan,34,34,NA,NA,0
Truck,29,35,NA,NA,-6
Suv,40,38,NA,NA,2
Truck,18,23,NA,NA,-5
Sedan,32,32,NA,NA,0
Suv,25,31,NA,NA,-6
Truck,33,36,NA,NA,-3
Sedan,14,26,NA,NA,-12
Truck,28,29,NA,NA,-1
Sedan,19,24,NA,NA,-5
Suv,27,27,NA,NA,0
Sedan,NA,16,16:25,4/7/2025,NA
Sedan,NA,28,16:27,4/7/2025,NA
Pickup Truck,NA,29,16:28,4/7/2025,NA
Suv,NA,25,16:29,4/7/2025,NA
Sedan,NA,21,16:30,4/7/2025,NA
Suv,NA,16,16:31,4/7/2025,NA
Suv,NA,20,16:31,4/7/2025,NA
Sedan,NA,27,16:34,4/7/2025,NA
Suv,NA,18,16:35,4/7/2025,NA
Sedan,NA,20,16:36,4/7/2025,NA
Suv,NA,20,16:36,4/7/2025,NA
Sedan,NA,21,16:36,4/7/2025,NA
Suv,NA,28,16:36,4/7/2025,NA
Sedan,NA,21,16:37,4/7/2025,NA
Suv,NA,29,16:39,4/7/2025,NA
Suv,NA,25,16:40,4/7/2025,NA
Suv,NA,28,16:40,4/7/2025,NA
Sedan,NA,23,16:42,4/7/2025,NA
Suv,NA,23,16:43,4/7/2025,NA
Suv,NA,22,16:44,4/7/2025,NA
Suv,NA,20,16:45,4/7/2025,NA
Sedan,NA,24,16:45,4/7/2025,NA
Suv,NA,15,16:46,4/7/2025,NA
Suv,NA,31,16:47,4/7/2025,NA
Suv,NA,19,16:48,4/7/2025,NA
Sedan,NA,26,16:49,4/10/2025,NA
Suv,NA,18,16:50,4/10/2025,NA
Pickup Truck,NA,23,16:51,4/10/2025,NA
Suv,NA,17,16:52,4/10/2025,NA
Sedan,NA,22,16:53,4/10/2025,NA
Sedan,NA,19,16:54,4/10/2025,NA
Suv,NA,16,16:55,4/10/2025,NA
Sedan,NA,27,16:56,4/10/2025,NA
Suv,NA,29,16:57,4/10/2025,NA
Sedan,NA,21,16:58,4/10/2025,NA
Suv,NA,20,16:59,4/10/2025,NA
Pickup Truck,NA,30,17:00,4/10/2025,NA
Sedan,NA,24,17:01,4/10/2025,NA
Suv,NA,18,17:02,4/10/2025,NA
Suv,NA,20,17:03,4/10/2025,NA
Sedan,NA,22,17:04,4/10/2025,NA
Sedan,NA,16,17:05,4/10/2025,NA
Suv,NA,25,17:06,4/10/2025,NA
Sedan,NA,29,17:07,4/10/2025,NA
Suv,NA,19,17:08,4/10/2025,NA
Sedan,NA,20,17:09,4/10/2025,NA
Suv,NA,28,17:10,4/10/2025,NA
Suv,NA,17,17:11,4/10/2025,NA
Suv,NA,26,17:12,4/10/2025,NA
Sedan,NA,21,17:13,4/10/2025,NA
Suv,NA,15,17:14,4/10/2025,NA
Sedan,NA,24,17:15,4/10/2025,NA
Suv,NA,25,17:16,4/10/2025,NA
Suv,NA,19,17:17,4/10/2025,NA
Pickup Truck,NA,23,17:18,4/10/2025,NA
Sedan,NA,20,17:19,4/10/2025,NA
Suv,NA,21,17:20,4/10/2025,NA
Sedan,NA,22,17:21,4/10/2025,NA
Suv,NA,18,17:22,4/10/2025,NA
Suv,NA,30,17:23,4/10/2025,NA
Suv,NA,27,17:24,4/10/2025,NA
Sedan,NA,16,17:25,4/10/2025,NA
Suv,NA,28,17:26,4/10/2025,NA
Suv,NA,24,17:27,4/10/2025,NA
Sedan,NA,20,17:28,4/10/2025,NA
Suv,NA,22,17:29,4/10/2025,NA
Sedan,NA,21,17:30,4/10/2025,NA
Suv,NA,19,17:31,4/10/2025,NA
Sedan,NA,26,17:32,4/10/2025,NA
Sedan,NA,20,17:33,4/10/2025,NA
Suv,NA,23,17:34,4/10/2025,NA
Suv,NA,18,17:35,4/10/2025,NA
Pickup Truck,NA,27,17:36,4/10/2025,NA
Sedan,NA,25,17:37,4/10/2025,NA
Suv,NA,20,17:40,4/10/2025,NA
Suv,NA,10,14:54,4/7/2025,NA
Suv,NA,20,14:54,4/7/2025,NA
Suv,NA,14,14:55,4/7/2025,NA
Suv,NA,28,14:55,4/7/2025,NA
Pickup Truck,NA,25,14:56,4/7/2025,NA
Sedan,NA,16,14:57,4/7/2025,NA
Suv,NA,25,14:57,4/7/2025,NA
Pickup Truck,NA,31,14:58,4/7/2025,NA
Suv,NA,31,14:58,4/7/2025,NA
Suv,NA,16,14:59,4/7/2025,NA
Suv,NA,25,14:59,4/7/2025,NA
Suv,NA,12,15:00,4/7/2025,NA
Suv,NA,12,15:00,4/7/2025,NA
Sedan,NA,30,15:00,4/7/2025,NA
Suv,NA,30,15:01,4/7/2025,NA
Suv,NA,29,15:01,4/7/2025,NA
Suv,NA,34,15:02,4/7/2025,NA
Suv,NA,25,15:02,4/7/2025,NA
Pickup Truck,NA,25,15:03,4/7/2025,NA
Suv,NA,33,15:03,4/7/2025,NA
Pickup Truck,NA,31,15:04,4/7/2025,NA
Pickup Truck,NA,29,15:04,4/7/2025,NA
Sedan,NA,33,15:04,4/7/2025,NA
Suv,NA,19,15:05,4/7/2025,NA
Suv,NA,32,15:05,4/7/2025,NA
Sedan,NA,19,17:49,4/14/2025,NA
Suv,NA,26,17:49,4/14/2025,NA
Sedan,NA,14,17:50,4/14/2025,NA
Suv,NA,22,17:50,4/14/2025,NA
Suv,NA,17,17:51,4/14/2025,NA
Pickup Truck,NA,29,17:52,4/14/2025,NA
Suv,NA,33,17:52,4/14/2025,NA
Suv,NA,12,17:53,4/14/2025,NA
Pickup Truck,NA,27,17:53,4/14/2025,NA
Suv,NA,25,17:54,4/14/2025,NA
Suv,NA,18,17:55,4/14/2025,NA
Sedan,NA,31,17:55,4/14/2025,NA
Suv,NA,24,17:56,4/14/2025,NA
Suv,NA,16,17:56,4/14/2025,NA
Pickup Truck,NA,22,17:57,4/14/2025,NA
Suv,NA,13,17:57,4/14/2025,NA
Suv,NA,30,17:58,4/14/2025,NA
Suv,NA,21,17:59,4/14/2025,NA
Suv,NA,25,17:59,4/14/2025,NA
Suv,NA,19,18:00,4/14/2025,NA
Sedan,NA,27,18:00,4/14/2025,NA
Suv,NA,23,18:01,4/14/2025,NA
Pickup Truck,NA,31,18:01,4/14/2025,NA
Suv,NA,28,18:02,4/14/2025,NA
Suv,NA,20,18:02,4/14/2025,NA
Suv,NA,16,18:03,4/14/2025,NA
Pickup Truck,NA,35,18:04,4/14/2025,NA
Suv,NA,18,18:04,4/14/2025,NA
Suv,NA,22,18:05,4/14/2025,NA
Suv,NA,24,18:05,4/14/2025,NA
Sedan,NA,29,18:06,4/14/2025,NA
Sedan,NA,13,18:06,4/14/2025,NA
Suv,NA,21,18:07,4/14/2025,NA
Suv,NA,34,18:07,4/14/2025,NA
Suv,NA,32,18:08,4/14/2025,NA
Pickup Truck,NA,15,18:08,4/14/2025,NA
Suv,NA,17,18:09,4/14/2025,NA
Suv,NA,26,18:10,4/14/2025,NA
Suv,NA,18,18:10,4/14/2025,NA
Sedan,NA,30,18:11,4/14/2025,NA
Sedan,NA,14,18:11,4/14/2025,NA
Pickup Truck,NA,33,18:12,4/14/2025,NA
Pickup Truck,NA,19,18:12,4/14/2025,NA
Suv,NA,22,18:13,4/14/2025,NA
Suv,NA,16,18:13,4/14/2025,NA
Suv,NA,24,18:14,4/14/2025,NA
Suv,NA,27,18:14,4/14/2025,NA
Suv,NA,28,18:15,4/14/2025,NA
Suv,NA,31,18:15,4/14/2025,NA
Sedan,NA,20,18:16,4/14/2025,NA
Hatchback,NA,30,19:11,4/3/2025,NA
Sedan,NA,24,19:11,4/3/2025,NA
Suv,NA,33,19:12,4/3/2025,NA
Muscle Car,NA,31,19:12,4/3/2025,NA
Sedan,NA,27,19:13,4/3/2025,NA
Pickup Truck,NA,24,19:13,4/3/2025,NA
Suv,NA,21,19:14,4/3/2025,NA
Sedan,NA,35,19:14,4/3/2025,NA
Suv,NA,17,19:15,4/3/2025,NA
Suv,NA,20,19:16,4/3/2025,NA
Suv,NA,31,19:16,4/3/2025,NA
Suv,NA,35,19:17,4/3/2025,NA
Coupe,NA,21,19:17,4/3/2025,NA
Sedan,NA,31,19:18,4/3/2025,NA
Suv,NA,24,19:18,4/3/2025,NA
Suv,NA,11,19:18,4/3/2025,NA
Minivan,NA,21,19:19,4/3/2025,NA
Crossover,NA,27,19:20,4/3/2025,NA
Suv,NA,31,19:20,4/3/2025,NA
Suv,NA,27,19:20,4/3/2025,NA
Pickup Truck,NA,27,19:21,4/3/2025,NA
Suv,NA,26,19:21,4/3/2025,NA
Suv,NA,37,19:21,4/3/2025,NA
Sedan,NA,26,19:21,4/3/2025,NA
Pickup Truck,NA,27,19:22,4/3/2025,NA
Sedan,NA,30,19:22,4/3/2025,NA
Hatchback,NA,32,19:22,4/3/2025,NA
Suv,NA,34,19:23,4/3/2025,NA
Pickup Truck,NA,29,19:23,4/3/2025,NA
Hatchback,NA,32,19:24,4/3/2025,NA
Sedan,NA,34,19:24,4/3/2025,NA
Sedan,NA,19,19:24,4/3/2025,NA
Sedan,NA,31,19:26,4/3/2025,NA
Suv,NA,13,19:26,4/3/2025,NA
Hatchback,NA,29,19:27,4/3/2025,NA
Suv,NA,31,19:27,4/3/2025,NA
Pickup Truck,NA,28,19:27,4/3/2025,NA
Hatchback,NA,23,19:27,4/3/2025,NA
Sedan,NA,38,19:28,4/3/2025,NA
Suv,NA,34,19:29,4/3/2025,NA
Minivan,NA,33,19:29,4/3/2025,NA
Sedan,NA,27,19:29,4/3/2025,NA
Sedan,NA,34,19:29,4/3/2025,NA
Suv,NA,29,19:30,4/3/2025,NA
Suv,NA,29,19:30,4/3/2025,NA
Sedan,NA,27,19:31,4/3/2025,NA
Sedan,NA,19,19:31,4/3/2025,NA
Sedan,NA,26,19:31,4/3/2025,NA
Suv,NA,22,19:31,4/3/2025,NA
Suv,NA,29,19:32,4/3/2025,NA
Suv,NA,29,19:33,4/3/2025,NA
Sedan,NA,27,19:33,4/3/2025,NA
Crossover,NA,33,19:34,4/3/2025,NA
Suv,NA,33,19:34,4/3/2025,NA
Suv,NA,25,19:35,4/3/2025,NA
Suv,NA,22,19:35,4/3/2025,NA
Bug,NA,26,19:36,4/3/2025,NA
Sedan,NA,33,19:37,4/3/2025,NA
Sedan,NA,32,19:37,4/3/2025,NA
Suv,NA,30,19:37,4/3/2025,NA
Suv,NA,26,19:37,4/3/2025,NA
Bug,NA,32,19:38,4/3/2025,NA
Sedan,NA,36,19:38,4/3/2025,NA
Suv,NA,29,19:39,4/3/2025,NA
Suv,NA,30,19:39,4/3/2025,NA
Sedan,NA,27,19:40,4/3/2025,NA
Sedan,NA,35,19:41,4/3/2025,NA
Sedan,NA,26,19:41,4/3/2025,NA
Suv,NA,34,19:42,4/3/2025,NA
Sedan,NA,27,19:43,4/3/2025,NA
Sedan,NA,27,19:44,4/3/2025,NA
Suv,NA,28,19:44,4/3/2025,NA
Sedan,NA,33,19:44,4/3/2025,NA
Sedan,NA,28,19:44,4/3/2025,NA
Pickup Truck,NA,32,19:45,4/3/2025,NA
SUV,33,33,12:25,4/2/2025,0
Sedan,33,33,12:25,4/2/2025,0
SUV,31,31,12:30,4/2/2025,0
SUV,30,30,12:30,4/2/2025,0
SUV,29,29,12:30,4/2/2025,0
Sedan,31,32,12:30,4/2/2025,-1
SUV,31,32,12:30,4/2/2025,-1
SUV,27,29,12:30,4/2/2025,-2
SUV,27,29,12:30,4/2/2025,-2
SUV,27,29,12:30,4/2/2025,-2
SUV,27,29,12:30,4/2/2025,-2
Sedan,27,29,12:30,4/2/2025,-2
Truck,35,35,12:30,4/2/2025,0
Van,31,31,12:30,4/2/2025,0
Pickup Truck,35,35,12:35,4/2/2025,0
Truck,30,30,12:35,4/2/2025,0
Sedan,28,28,12:35,4/2/2025,0
Truck,34,34,12:35,4/2/2025,0
Sedan,35,36,12:35,4/2/2025,-1
Sedan,30,32,12:35,4/2/2025,-2
SUV,36,37,12:35,4/2/2025,-1
SUV,32,33,12:35,4/2/2025,-1
SUV,31,32,12:40,4/2/2025,-1
Truck,34,37,12:40,4/2/2025,-3
SUV,28,29,12:40,4/2/2025,-1
Sedan,30,30,12:40,4/2/2025,0
Sedan,30,30,12:40,4/2/2025,0
Sedan,38,37,12:40,4/2/2025,1
SUV,30,30,12:40,4/2/2025,0
SUV,30,32,12:40,4/2/2025,-2
Pickup Truck,30,30,12:40,4/2/2025,0
SUV,29,29,12:40,4/2/2025,0
SUV,30,32,12:40,4/2/2025,-2
SUV,37,37,12:40,4/2/2025,0
Sedan,30,30,12:45,4/2/2025,0
Sedan,29,29,12:45,4/2/2025,0
Minivan,30,30,12:45,4/2/2025,0
Sedan,29,30,12:45,4/2/2025,-1
Sedan,33,34,12:45,4/2/2025,-1
Sedan,34,34,12:45,4/2/2025,0
Sedan,37,37,12:45,4/2/2025,0
Sedan,33,33,12:45,4/2/2025,0
Sedan,27,28,12:50,4/2/2025,-1
Coupe,28,28,12:50,4/2/2025,0
Sedan,33,33,12:50,4/2/2025,0
Sedan,33,34,12:50,4/2/2025,-1
Sedan,33,32,12:50,4/2/2025,1
Sedan,30,30,12:50,4/2/2025,0
SUV,33,34,12:50,4/2/2025,-1
SUV,34,33,12:50,4/2/2025,1
SUV,27,27,12:50,4/2/2025,0
Minivan,29,30,12:50,4/2/2025,-1
Sedan,34,34,12:50,4/2/2025,0
SUV,35,35,12:50,4/2/2025,0
SUV,35,35,12:50,4/2/2025,0
Sedan,35,35,12:50,4/2/2025,0
Sedan,33,32,12:55,4/2/2025,1
Sedan,37,37,12:55,4/2/2025,0
Sedan,35,35,12:55,4/2/2025,0
Minivan,37,37,12:55,4/2/2025,0
SUV,35,41,12:55,4/2/2025,-6
Sedan,27,28,12:55,4/2/2025,-1
SUV,29,29,12:55,4/2/2025,0
Sedan,30,31,12:55,4/2/2025,-1
Sedan,30,30,12:55,4/2/2025,0
SUV,30,30,12:55,4/2/2025,0
SUV,33,33,12:55,4/2/2025,0
SUV,40,40,12:55,4/2/2025,0
Minivan,32,32,13:00,4/2/2025,0
SUV,25,25,13:00,4/2/2025,0
SUV,24,28,13:00,4/2/2025,-4
Pickup Truck,34,34,13:00,4/2/2025,0
Sedan,29,31,13:00,4/2/2025,-2
SUV,31,32,13:00,4/2/2025,-1
Sedan,32,32,13:00,4/2/2025,0
Sedan,26,26,09:05,4/7/2025,0
Sedan,35,34,09:05,4/7/2025,1
Sedan,34,34,09:05,4/7/2025,0
Sedan,34,34,09:05,4/7/2025,0
Sedan,34,31,09:05,4/7/2025,3
Sedan,27,28,09:05,4/7/2025,-1
Pickup Truck,13,14,09:05,4/7/2025,-1
Pickup Truck,18,15,09:05,4/7/2025,3
SUV,24,25,09:05,4/7/2025,-1
Sedan,34,34,09:10,4/7/2025,0
Sedan,31,31,09:10,4/7/2025,0
SUV,27,27,09:10,4/7/2025,0
SUV,37,23,09:10,4/7/2025,14
Sedan,33,31,09:10,4/7/2025,2
Sedan,31,32,09:10,4/7/2025,-1
Van,32,21,09:10,4/7/2025,11
Sedan,39,39,09:10,4/7/2025,0
Sedan,35,36,09:10,4/7/2025,-1
Sedan,28,27,09:10,4/7/2025,1
Sedan,35,34,09:15,4/7/2025,1
SUV,39,38,09:15,4/7/2025,1
Hatchback,33,34,09:15,4/7/2025,-1
Coupe,29,29,09:15,4/7/2025,0
Sedan,29,28,09:15,4/7/2025,1
SUV,30,31,09:15,4/7/2025,-1
SUV,29,28,09:15,4/7/2025,1
Pickup Truck,36,35,09:15,4/7/2025,1
Sedan,35,35,09:15,4/7/2025,0
Sedan,36,35,09:20,4/7/2025,1
Hatchback,35,32,09:20,4/7/2025,3
Sedan,36,36,09:20,4/7/2025,0
Minivan,33,32,09:20,4/7/2025,1
Sedan,35,33,09:20,4/7/2025,2
Pickup Truck,35,36,09:20,4/7/2025,-1
SUV,34,34,09:20,4/7/2025,0
Minivan,32,32,09:25,4/7/2025,0
Pickup Truck,32,31,09:25,4/7/2025,1
SUV,26,28,09:25,4/7/2025,-2
SUV,32,33,09:25,4/7/2025,-1
SUV,30,31,09:25,4/7/2025,-1
SUV,34,34,09:25,4/7/2025,0
Sedan,36,30,09:25,4/7/2025,6
Pickup Truck,29,29,09:25,4/7/2025,0
Pickup Truck,30,30,09:30,4/7/2025,0
Sedan,33,33,09:30,4/7/2025,0
SUV,30,29,09:30,4/7/2025,1
SUV,33,27,09:30,4/7/2025,6
SUV,30,30,09:30,4/7/2025,0
Hatchback,29,28,09:30,4/7/2025,1
Sedan,28,27,09:30,4/7/2025,1
Sedan,33,33,09:30,4/7/2025,0
Hatchback,37,38,09:30,4/7/2025,-1
Sedan,35,36,09:30,4/7/2025,-1
Pickup Truck,38,37,09:30,4/7/2025,1
Pickup Truck,41,36,09:30,4/7/2025,5
SUV,34,29,09:30,4/7/2025,5
SUV,30,30,09:30,4/7/2025,0
Van,30,30,09:30,4/7/2025,0
SUV,39,39,09:30,4/7/2025,0
Van,28,28,09:30,4/7/2025,0
SUV,37,34,09:35,4/7/2025,3
Sedan,30,30,09:35,4/7/2025,0
Sedan,30,31,09:35,4/7/2025,-1
Sedan,37,38,09:35,4/7/2025,-1
Sedan,36,28,09:35,4/7/2025,8
Sedan,33,32,09:35,4/7/2025,1
Pickup Truck,35,32,09:35,4/7/2025,3
Sedan,32,32,09:35,4/7/2025,0
SUV,29,30,09:35,4/7/2025,-1
SUV,30,31,09:35,4/7/2025,-1
SUV,36,34,09:40,4/7/2025,2
SUV,32,32,09:40,4/7/2025,0
Pickup Truck,32,32,09:40,4/7/2025,0
SUV,33,34,09:40,4/7/2025,-1
SUV,40,39,09:40,4/7/2025,1
Truck,30,31,17:50,4/10/2025,-1
SUV,31,31,17:50,4/10/2025,0
Sedan,31,33,17:50,4/10/2025,-2
Truck,33,35,17:50,4/10/2025,-2
Pickup Truck,27,28,17:50,4/10/2025,-1
Sedan,24,26,17:50,4/10/2025,-2
SUV,26,26,17:50,4/10/2025,0
SUV,26,23,17:50,4/10/2025,3
Sedan,26,27,17:50,4/10/2025,-1
Sedan,28,29,17:55,4/10/2025,-1
SUV,29,30,17:55,4/10/2025,-1
SUV,29,32,17:55,4/10/2025,-3
SUV,28,30,17:55,4/10/2025,-2
Sedan,25,27,17:55,4/10/2025,-2
Sedan,30,31,17:55,4/10/2025,-1
Pickup Truck,31,33,17:55,4/10/2025,-2
Sedan,33,33,17:55,4/10/2025,0
Coupe,37,35,17:55,4/10/2025,2
Emergency,28,30,17:55,4/10/2025,-2
Emergency,30,33,17:55,4/10/2025,-3
Pickup Truck,37,37,17:55,4/10/2025,0
SUV,36,36,17:55,4/10/2025,0
Hatchback,28,30,18:00,4/10/2025,-2
SUV,35,35,18:00,4/10/2025,0
Sedan,29,29,18:00,4/10/2025,0
SUV,37,37,18:00,4/10/2025,0
SUV,31,32,18:00,4/10/2025,-1
Minivan,27,27,18:00,4/10/2025,0
SUV,31,33,18:00,4/10/2025,-2
Sedan,32,33,18:00,4/10/2025,-1
SUV,29,31,18:00,4/10/2025,-2
Sedan,25,19,18:00,4/10/2025,6
SUV,25,23,18:00,4/10/2025,2
SUV,28,31,18:00,4/10/2025,-3
Pickup Truck,35,25,18:00,4/10/2025,10
SUV,20,25,18:00,4/10/2025,-5
SUV,28,28,18:05,4/10/2025,0
Sedan,28,28,18:05,4/10/2025,0
SUV,31,31,18:05,4/10/2025,0
Sedan,31,32,18:05,4/10/2025,-1
Van,27,26,18:05,4/10/2025,1
SUV,29,31,18:05,4/10/2025,-2
SUV,29,28,18:05,4/10/2025,1
SUV,28,29,18:05,4/10/2025,-1
Hatchback,28,26,18:05,4/10/2025,2
Sedan,26,26,18:05,4/10/2025,0
SUV,29,29,18:05,4/10/2025,0
SUV,29,34,18:05,4/10/2025,-5
Hatchback,22,24,18:05,4/10/2025,-2
Hatchback,27,28,18:05,4/10/2025,-1
SUV,28,28,18:05,4/10/2025,0
Sedan,27,30,18:05,4/10/2025,-3
Sedan,33,33,18:10,4/10/2025,0
Hatchback,33,33,18:10,4/10/2025,0
SUV,29,31,18:10,4/10/2025,-2
Minivan,28,27,18:10,4/10/2025,1
Sedan,25,26,18:10,4/10/2025,-1
SUV,26,26,18:10,4/10/2025,0
SUV,33,35,18:10,4/10/2025,-2
SUV,29,28,18:10,4/10/2025,1
SUV,26,27,18:10,4/10/2025,-1
Sedan,22,29,18:10,4/10/2025,-7
SUV,31,32,18:10,4/10/2025,-1
SUV,30,31,18:15,4/10/2025,-1
SUV,31,32,18:15,4/10/2025,-1
Pickup Truck,31,32,18:15,4/10/2025,-1
Hatchback,34,34,18:15,4/10/2025,0
SUV,15,21,18:15,4/10/2025,-6
Pickup Truck,30,29,18:15,4/10/2025,1
Sedan,35,35,18:15,4/10/2025,0
SUV,30,30,18:15,4/10/2025,0
Sedan,35,35,18:15,4/10/2025,0
Sedan,26,28,18:15,4/10/2025,-2
Sedan,30,31,18:15,4/10/2025,-1
Sedan,27,25,18:20,4/10/2025,2
NA,NA,27,11:01,4/5/2025,NA
NA,NA,29,11:01,4/5/2025,NA
NA,NA,36,11:01,4/5/2025,NA
NA,NA,32,11:02,4/5/2025,NA
NA,NA,26,11:03,4/5/2025,NA
NA,NA,24,11:03,4/5/2025,NA
NA,NA,27,11:04,4/5/2025,NA
NA,NA,37,11:04,4/5/2025,NA
NA,NA,39,11:04,4/5/2025,NA
NA,NA,33,11:05,4/5/2025,NA
NA,NA,26,11:05,4/5/2025,NA
NA,NA,31,11:07,4/5/2025,NA
NA,NA,32,11:07,4/5/2025,NA
NA,NA,37,11:07,4/5/2025,NA
NA,NA,17,11:08,4/5/2025,NA
NA,NA,23,11:09,4/5/2025,NA
NA,NA,21,11:09,4/5/2025,NA
NA,NA,35,11:09,4/5/2025,NA
NA,NA,26,11:10,4/5/2025,NA
NA,NA,30,11:10,4/5/2025,NA
NA,NA,30,11:10,4/5/2025,NA
NA,NA,35,11:10,4/5/2025,NA
NA,NA,23,11:11,4/5/2025,NA
NA,NA,33,11:11,4/5/2025,NA
NA,NA,35,11:12,4/5/2025,NA
NA,NA,32,11:12,4/5/2025,NA
NA,NA,23,11:12,4/5/2025,NA
NA,NA,27,11:13,4/5/2025,NA
NA,NA,25,11:13,4/5/2025,NA
NA,NA,27,11:14,4/5/2025,NA
NA,NA,25,11:14,4/5/2025,NA
NA,NA,34,11:14,4/5/2025,NA
NA,NA,34,11:15,4/5/2025,NA
NA,NA,34,11:17,4/5/2025,NA
NA,NA,41,11:17,4/5/2025,NA
NA,NA,31,11:19,4/5/2025,NA
NA,NA,35,11:19,4/5/2025,NA
NA,NA,22,11:20,4/5/2025,NA
NA,NA,26,11:20,4/5/2025,NA
NA,NA,23,11:20,4/5/2025,NA
NA,NA,31,11:22,4/5/2025,NA
NA,NA,33,11:23,4/5/2025,NA
NA,NA,28,11:23,4/5/2025,NA
NA,NA,34,11:25,4/5/2025,NA
NA,NA,21,11:25,4/5/2025,NA
NA,NA,29,11:25,4/5/2025,NA
NA,NA,32,11:25,4/5/2025,NA
NA,NA,26,11:25,4/5/2025,NA
NA,NA,34,11:26,4/5/2025,NA
NA,NA,32,11:26,4/5/2025,NA
NA,NA,42,11:26,4/5/2025,NA
NA,NA,24,11:27,4/5/2025,NA
NA,NA,32,11:28,4/5/2025,NA
NA,NA,21,11:29,4/5/2025,NA
NA,NA,32,11:29,4/5/2025,NA
NA,NA,38,11:30,4/5/2025,NA
NA,NA,26,11:30,4/5/2025,NA
NA,NA,21,11:30,4/5/2025,NA
NA,NA,30,11:31,4/5/2025,NA
NA,NA,33,11:31,4/5/2025,NA
NA,NA,27,11:31,4/5/2025,NA
NA,NA,31,11:31,4/5/2025,NA
NA,NA,29,11:32,4/5/2025,NA
NA,NA,28,11:33,4/5/2025,NA
NA,NA,32,11:33,4/5/2025,NA
NA,NA,26,11:33,4/5/2025,NA
NA,NA,38,11:33,4/5/2025,NA
NA,NA,27,11:33,4/5/2025,NA
NA,NA,39,11:34,4/5/2025,NA
NA,NA,31,11:34,4/5/2025,NA
NA,NA,30,11:36,4/5/2025,NA
NA,NA,29,11:37,4/5/2025,NA
NA,NA,24,11:38,4/5/2025,NA
NA,NA,29,11:38,4/5/2025,NA
NA,NA,27,11:39,4/5/2025,NA
NA,NA,28,14:25,4/6/2025,NA
NA,NA,29,14:27,4/6/2025,NA
NA,NA,40,14:29,4/6/2025,NA
NA,NA,25,14:30,4/6/2025,NA
NA,NA,34,14:32,4/6/2025,NA
NA,NA,37,14:33,4/6/2025,NA
NA,NA,26,14:34,4/6/2025,NA
NA,NA,28,14:34,4/6/2025,NA
NA,NA,33,14:35,4/6/2025,NA
NA,NA,31,14:36,4/6/2025,NA
NA,NA,25,14:37,4/6/2025,NA
NA,NA,25,14:37,4/6/2025,NA
NA,NA,34,14:38,4/6/2025,NA
NA,NA,30,14:40,4/6/2025,NA
NA,NA,22,14:41,4/6/2025,NA
NA,NA,31,14:41,4/6/2025,NA
NA,NA,32,14:41,4/6/2025,NA
NA,NA,38,14:42,4/6/2025,NA
NA,NA,41,14:44,4/6/2025,NA
NA,NA,28,14:46,4/6/2025,NA
NA,NA,30,14:46,4/6/2025,NA
NA,NA,32,14:46,4/6/2025,NA
NA,NA,34,14:47,4/6/2025,NA
NA,NA,21,14:47,4/6/2025,NA
NA,NA,24,14:48,4/6/2025,NA
NA,NA,33,14:48,4/6/2025,NA
NA,NA,28,14:48,4/6/2025,NA
NA,NA,28,14:49,4/6/2025,NA
NA,NA,39,14:51,4/6/2025,NA
NA,NA,25,14:52,4/6/2025,NA
NA,NA,36,14:52,4/6/2025,NA
NA,NA,28,14:52,4/6/2025,NA
NA,NA,29,14:52,4/6/2025,NA
NA,NA,27,14:54,4/6/2025,NA
NA,NA,24,14:55,4/6/2025,NA
NA,NA,31,14:55,4/6/2025,NA
NA,NA,33,14:56,4/6/2025,NA
NA,NA,36,14:57,4/6/2025,NA
NA,NA,27,14:57,4/6/2025,NA
NA,NA,31,14:58,4/6/2025,NA
NA,NA,29,14:58,4/6/2025,NA
NA,NA,31,14:58,4/6/2025,NA
NA,NA,31,15:00,4/6/2025,NA
NA,NA,30,15:01,4/6/2025,NA
NA,NA,32,15:02,4/6/2025,NA
NA,NA,25,15:02,4/6/2025,NA
NA,NA,31,15:03,4/6/2025,NA
NA,NA,29,15:03,4/6/2025,NA
NA,NA,33,15:03,4/6/2025,NA
NA,NA,29,15:03,4/6/2025,NA
NA,NA,33,15:06,4/6/2025,NA
NA,NA,30,15:06,4/6/2025,NA
NA,NA,34,15:06,4/6/2025,NA
NA,NA,29,15:06,4/6/2025,NA
NA,NA,30,15:07,4/6/2025,NA
NA,NA,25,15:07,4/6/2025,NA
NA,NA,21,15:08,4/6/2025,NA
NA,NA,24,15:09,4/6/2025,NA
NA,NA,27,15:12,4/6/2025,NA
NA,NA,38,15:12,4/6/2025,NA
NA,NA,26,15:14,4/6/2025,NA
NA,NA,36,15:16,4/6/2025,NA
NA,NA,23,15:17,4/6/2025,NA
NA,NA,31,15:18,4/6/2025,NA
NA,NA,23,15:19,4/6/2025,NA
NA,NA,28,15:19,4/6/2025,NA
NA,NA,31,15:19,4/6/2025,NA
NA,NA,34,15:20,4/6/2025,NA
NA,NA,25,15:20,4/6/2025,NA
NA,NA,30,15:23,4/6/2025,NA
NA,NA,28,15:24,4/6/2025,NA
NA,NA,20,15:24,4/6/2025,NA
NA,NA,31,15:25,4/6/2025,NA
NA,NA,25,15:27,4/6/2025,NA
NA,NA,25,15:28,4/6/2025,NA
NA,NA,32,13:00,4/7/2025,NA
NA,NA,32,13:01,4/7/2025,NA
NA,NA,37,13:01,4/7/2025,NA
NA,NA,35,13:02,4/7/2025,NA
NA,NA,24,13:03,4/7/2025,NA
NA,NA,31,13:03,4/7/2025,NA
NA,NA,31,13:04,4/7/2025,NA
NA,NA,25,13:05,4/7/2025,NA
NA,NA,28,13:05,4/7/2025,NA
NA,NA,32,13:05,4/7/2025,NA
NA,NA,31,13:06,4/7/2025,NA
NA,NA,32,13:06,4/7/2025,NA
NA,NA,28,13:07,4/7/2025,NA
NA,NA,33,13:07,4/7/2025,NA
NA,NA,26,13:08,4/7/2025,NA
NA,NA,29,13:08,4/7/2025,NA
NA,NA,22,13:09,4/7/2025,NA
NA,NA,27,13:10,4/7/2025,NA
NA,NA,27,13:10,4/7/2025,NA
NA,NA,34,13:11,4/7/2025,NA
NA,NA,20,13:12,4/7/2025,NA
NA,NA,28,13:13,4/7/2025,NA
NA,NA,25,13:14,4/7/2025,NA
NA,NA,33,13:14,4/7/2025,NA
NA,NA,14,13:15,4/7/2025,NA
NA,NA,26,13:15,4/7/2025,NA
NA,NA,31,13:15,4/7/2025,NA
NA,NA,22,13:16,4/7/2025,NA
NA,NA,32,13:16,4/7/2025,NA
NA,NA,30,13:16,4/7/2025,NA
NA,NA,37,13:16,4/7/2025,NA
NA,NA,32,13:18,4/7/2025,NA
NA,NA,28,13:18,4/7/2025,NA
NA,NA,30,13:19,4/7/2025,NA
NA,NA,32,13:19,4/7/2025,NA
NA,NA,35,13:20,4/7/2025,NA
NA,NA,15,13:21,4/7/2025,NA
NA,NA,35,13:21,4/7/2025,NA
NA,NA,30,13:22,4/7/2025,NA
NA,NA,30,13:23,4/7/2025,NA
NA,NA,30,13:24,4/7/2025,NA
NA,NA,27,13:24,4/7/2025,NA
NA,NA,26,13:25,4/7/2025,NA
NA,NA,28,13:25,4/7/2025,NA
NA,NA,30,13:28,4/7/2025,NA
NA,NA,26,13:28,4/7/2025,NA
NA,NA,33,13:29,4/7/2025,NA
NA,NA,22,13:29,4/7/2025,NA
NA,NA,30,13:30,4/7/2025,NA
NA,NA,37,13:30,4/7/2025,NA
NA,NA,27,13:31,4/7/2025,NA
NA,NA,29,13:31,4/7/2025,NA
NA,NA,30,13:32,4/7/2025,NA
NA,NA,30,13:32,4/7/2025,NA
NA,NA,37,13:32,4/7/2025,NA
NA,NA,20,13:33,4/7/2025,NA
NA,NA,31,13:34,4/7/2025,NA
NA,NA,25,13:35,4/7/2025,NA
NA,NA,35,13:35,4/7/2025,NA
NA,NA,38,13:35,4/7/2025,NA
NA,NA,32,13:35,4/7/2025,NA
NA,NA,24,13:36,4/7/2025,NA
NA,NA,30,13:37,4/7/2025,NA
NA,NA,22,13:38,4/7/2025,NA
NA,NA,40,13:41,4/7/2025,NA
NA,NA,27,13:41,4/7/2025,NA
NA,NA,27,13:41,4/7/2025,NA
NA,NA,30,13:41,4/7/2025,NA
NA,NA,30,13:43,4/7/2025,NA
NA,NA,32,13:44,4/7/2025,NA
NA,NA,26,13:45,4/7/2025,NA
NA,NA,26,13:46,4/7/2025,NA
NA,NA,29,13:46,4/7/2025,NA
NA,NA,24,13:47,4/7/2025,NA
NA,NA,26,13:49,4/7/2025,NA
Sedan,30,40,NA,NA,1
SUV,32,34,NA,NA,1
Sedan,35,35,NA,NA,0
SUV,31,31,NA,NA,0
SUV,32,32,NA,NA,0
Truck,31,31,NA,NA,0
SUV,31,31,NA,NA,0
SUV,28,28,NA,NA,0
SUV,28,28,NA,NA,0
SUV,28,30,NA,NA,1
Sedan,29,29,NA,NA,0
SUV,30,30,NA,NA,0
Sedan,31,31,NA,NA,0
Sedan,28,29,NA,NA,1
Truck,36,35,NA,NA,0
SUV,31,34,NA,NA,1
Sedan,29,29,NA,NA,0
SUV,34,33,NA,NA,1
Truck,34,34,NA,NA,0
Sedan,27,27,NA,NA,0
SUV,30,32,NA,NA,1
Sedan,32,32,NA,NA,0
SUV,34,34,NA,NA,0
SUV,28,28,NA,NA,0
Truck,22,22,NA,NA,0
Sedan,24,24,NA,NA,0
Sedan,27,27,NA,NA,0
SUV,36,36,NA,NA,0
Sedan,32,32,NA,NA,0
SUV,30,31,NA,NA,1
SUV,30,30,NA,NA,0
SUV,25,27,NA,NA,1
Sedan,30,30,NA,NA,0
Sedan,36,33,NA,NA,1
Sedan,34,35,NA,NA,1
Sedan,34,32,NA,NA,1
SUV,35,30,NA,NA,1
Sedan,35,38,NA,NA,1
Sedan,30,27,NA,NA,1
Sedan,29,31,NA,NA,1
Sedan,31,31,NA,NA,0
Sedan,31,33,NA,NA,1
SUV,31,30,NA,NA,1
SUV,31,31,NA,NA,0
SUV,32,32,NA,NA,0
Sedan,28,28,NA,NA,0
SUV,36,35,NA,NA,1
Sedan,33,33,NA,NA,0
SUV,30,30,NA,NA,0
SUV,36,34,NA,NA,1
Sedan,35,32,NA,NA,0
Sedan,36,34,NA,NA,0
Sedan,29,32,NA,NA,1
SUV,30,30,NA,NA,0
Sedan,31,32,NA,NA,1
Sedan,35,37,NA,NA,1
SUV,32,32,NA,NA,0
SUV,29,30,NA,NA,1
SUV,33,35,NA,NA,1
Sedan,28,28,NA,NA,0
SUV,27,27,NA,NA,0
Sedan,29,29,NA,NA,0
SUV,26,26,NA,NA,0
Sedan,26,26,NA,NA,0
Truck,33,33,NA,NA,0
Sedan,21,22,NA,NA,1
SUV,32,33,NA,NA,1
Sedan,31,31,NA,NA,0
SUV,32,32,NA,NA,0
SUV,31,31,NA,NA,0
Sedan,32,31,NA,NA,1
SUV,35,35,NA,NA,0
Truck,33,31,NA,NA,1
Sedan,31,30,NA,NA,1
Truck,36,34,NA,NA,0
SUV,27,30,NA,NA,1
Sedan,28,28,NA,NA,0
Sedan,29,30,NA,NA,1
Sedan,30,30,NA,NA,0
Truck,35,32,NA,NA,1
SUV,31,31,NA,NA,0
SUV,31,31,NA,NA,0
Sedan,32,32,NA,NA,0
Sedan,32,31,NA,NA,1
SUV,28,28,NA,NA,0
Sedan,29,30,NA,NA,1
SUV,30,31,NA,NA,1
Truck,33,33,NA,NA,0
Sedan,32,31,NA,NA,1
Sedan,30,31,NA,NA,1
Sedan,30,30,NA,NA,0
Sedan,29,30,NA,NA,1
Sedan,31,31,NA,NA,0
SUV,31,31,NA,NA,0
SUV,27,28,NA,NA,1
Truck,30,31,NA,NA,1
Sedan,29,30,NA,NA,1
Sedan,30,30,NA,NA,0
SUV,29,29,NA,NA,0
Sedan,34,34,NA,NA,0
SUV,26,26,NA,NA,0
SUV,32,32,NA,NA,0
SUV,31,30,NA,NA,1
Sedan,31,30,NA,NA,1
Sedan,29,28,NA,NA,1
Sedan,28,30,NA,NA,1
SUV,29,30,NA,NA,1
SUV,27,27,NA,NA,0
Sedan,36,36,NA,NA,0
SUV,28,28,NA,NA,0
Sedan,29,29,NA,NA,0
Sedan,31,31,NA,NA,0
SUV,32,33,NA,NA,1
Truck,32,32,NA,NA,0
SUV,37,35,NA,NA,1
Sedan,34,34,NA,NA,0
SUV,28,28,NA,NA,0
Sedan,29,29,NA,NA,0
Sedan,31,31,NA,NA,0
Sedan,30,30,NA,NA,0
Sedan,27,27,NA,NA,0
Truck,29,31,NA,NA,1
SUV,33,33,NA,NA,0
Sedan,31,32,NA,NA,1
SUV,28,28,NA,NA,0
SUV,29,30,NA,NA,1
Sedan,31,31,NA,NA,0
Sedan,30,30,NA,NA,0
SUV,34,34,NA,NA,0
Sedan,36,37,NA,NA,1
Truck,30,30,NA,NA,0
SUV,31,31,NA,NA,0
Sedan,27,27,NA,NA,0
SUV,25,26,NA,NA,1
Sedan,29,29,NA,NA,0
SUV,30,31,NA,NA,1
Sedan,31,31,NA,NA,0
SUV,30,31,NA,NA,1
Sedan,28,29,NA,NA,1
Sedan,29,29,NA,NA,0
Sedan,28,28,NA,NA,0
SUV,30,31,NA,NA,1
Truck,31,31,NA,NA,0
SUV,29,29,NA,NA,0
Sedan,28,29,NA,NA,1
Sedan,33,31,NA,NA,1
SUV,30,30,NA,NA,0
SUV,29,29,NA,NA,0
Sedan,27,27,NA,NA,0
SUV,30,30,NA,NA,0
